subreddit,controversy_rate
news,8.59106529209622
worldnews,8.43277645186953
soccer,6.58682634730539
AmItheAsshole,5.947660586835844
nba,5.46875
pics,4.896907216494846
videos,4.799301919720768
trashy,4.6288209606986905
SquaredCircle,4.370629370629371
hockey,4.093567251461988
freefolk,4.003481288076589
leagueoflegends,3.5130718954248366
politics,3.4789644012944985
funny,3.2287822878228782
nfl,3.015484922575387
gameofthrones,3.01255230125523
FortNiteBR,2.971216341689879
unpopularopinion,2.9508196721311477
gaming,2.864816472694718
movies,2.7050610820244327
ChapoTrapHouse,2.418682235195997
todayilearned,2.385159010600707
apexlegends,2.290748898678414
asoiaf,2.2399999999999998
aww,2.093244529019981
memes,2.0325203252032518
relationship_advice,1.6653449643140366
dankmemes,1.5090543259557343
Showerthoughts,1.3345195729537367
MortalKombat,1.2437810945273633
wallstreetbets,0.9838998211091234
Animemes,0.9775171065493646
marvelstudios,0.6980802792321117
The_Donald,0.6086956521739131
RoastMe,0.5217391304347827
AskReddit,0.5119453924914675
teenagers,0.1958863858961802
Pikabu,0.0
Market76,0.0
gonewild,0.0
