subreddit,controversy_rate
news,9.903755263384035
worldnews,8.669155830221879
soccer,7.06572875128814
AmItheAsshole,5.506857358553873
pics,5.306814968423037
videos,5.220329939081329
nba,5.110803324099724
SquaredCircle,4.466139506118302
trashy,4.419992540096978
hockey,4.253762063760692
movies,3.887585787507601
funny,3.6654821593730222
freefolk,3.503766772166005
leagueoflegends,3.388059051517659
nfl,3.3543161509002073
gameofthrones,3.2835436518156063
politics,3.2069085228258984
unpopularopinion,3.185239980853749
todayilearned,3.153193389906208
apexlegends,3.117654884917291
gaming,3.0774199501707113
FortNiteBR,2.8774181005152135
asoiaf,2.5621607976776475
aww,2.2348315165994723
relationship_advice,1.866278572040065
memes,1.6527128411438514
ChapoTrapHouse,1.613700723693082
MortalKombat,1.4270828614143976
Showerthoughts,1.3351877607788596
marvelstudios,1.2908930150309461
Pikabu,1.053740779768177
wallstreetbets,1.04161801111682
dankmemes,0.9028200446338
AskReddit,0.840184298491282
Animemes,0.7750314201927105
The_Donald,0.5720978422451461
teenagers,0.5127651535596697
RoastMe,0.2365679450434466
gonewild,0.08790951180917775
Market76,0.010808473843493299
